<ImportExportXml version="9.2.23094.220" SolutionPackageVersion="9.2" languagecode="1033" generatedBy="CrmLive" xmlns:xsi="http://www.w3.org/2001/XMLSchema-instance">
  <SolutionManifest>
    <UniqueName>SecurityRoleriskassessment</UniqueName>
    <LocalizedNames>
      <LocalizedName description="Security Role risk assessment" languagecode="1033" />
    </LocalizedNames>
    <Descriptions />
    <Version>3.2</Version>
    <Managed>1</Managed>
    <Publisher>
      <UniqueName>powercat</UniqueName>
      <LocalizedNames>
        <LocalizedName description="PowerCAT" languagecode="1033" />
      </LocalizedNames>
      <Descriptions>
        <Description description="PowerCAT" languagecode="1033" />
      </Descriptions>
      <EMailAddress xsi:nil="true"></EMailAddress>
      <SupportingWebsiteUrl xsi:nil="true"></SupportingWebsiteUrl>
      <CustomizationPrefix>cat</CustomizationPrefix>
      <CustomizationOptionValuePrefix>33535</CustomizationOptionValuePrefix>
      <Addresses>
        <Address>
          <AddressNumber>1</AddressNumber>
          <AddressTypeCode>1</AddressTypeCode>
          <City xsi:nil="true"></City>
          <County xsi:nil="true"></County>
          <Country xsi:nil="true"></Country>
          <Fax xsi:nil="true"></Fax>
          <FreightTermsCode xsi:nil="true"></FreightTermsCode>
          <ImportSequenceNumber xsi:nil="true"></ImportSequenceNumber>
          <Latitude xsi:nil="true"></Latitude>
          <Line1 xsi:nil="true"></Line1>
          <Line2 xsi:nil="true"></Line2>
          <Line3 xsi:nil="true"></Line3>
          <Longitude xsi:nil="true"></Longitude>
          <Name xsi:nil="true"></Name>
          <PostalCode xsi:nil="true"></PostalCode>
          <PostOfficeBox xsi:nil="true"></PostOfficeBox>
          <PrimaryContactName xsi:nil="true"></PrimaryContactName>
          <ShippingMethodCode>1</ShippingMethodCode>
          <StateOrProvince xsi:nil="true"></StateOrProvince>
          <Telephone1 xsi:nil="true"></Telephone1>
          <Telephone2 xsi:nil="true"></Telephone2>
          <Telephone3 xsi:nil="true"></Telephone3>
          <TimeZoneRuleVersionNumber xsi:nil="true"></TimeZoneRuleVersionNumber>
          <UPSZone xsi:nil="true"></UPSZone>
          <UTCOffset xsi:nil="true"></UTCOffset>
          <UTCConversionTimeZoneCode xsi:nil="true"></UTCConversionTimeZoneCode>
        </Address>
        <Address>
          <AddressNumber>2</AddressNumber>
          <AddressTypeCode>1</AddressTypeCode>
          <City xsi:nil="true"></City>
          <County xsi:nil="true"></County>
          <Country xsi:nil="true"></Country>
          <Fax xsi:nil="true"></Fax>
          <FreightTermsCode xsi:nil="true"></FreightTermsCode>
          <ImportSequenceNumber xsi:nil="true"></ImportSequenceNumber>
          <Latitude xsi:nil="true"></Latitude>
          <Line1 xsi:nil="true"></Line1>
          <Line2 xsi:nil="true"></Line2>
          <Line3 xsi:nil="true"></Line3>
          <Longitude xsi:nil="true"></Longitude>
          <Name xsi:nil="true"></Name>
          <PostalCode xsi:nil="true"></PostalCode>
          <PostOfficeBox xsi:nil="true"></PostOfficeBox>
          <PrimaryContactName xsi:nil="true"></PrimaryContactName>
          <ShippingMethodCode>1</ShippingMethodCode>
          <StateOrProvince xsi:nil="true"></StateOrProvince>
          <Telephone1 xsi:nil="true"></Telephone1>
          <Telephone2 xsi:nil="true"></Telephone2>
          <Telephone3 xsi:nil="true"></Telephone3>
          <TimeZoneRuleVersionNumber xsi:nil="true"></TimeZoneRuleVersionNumber>
          <UPSZone xsi:nil="true"></UPSZone>
          <UTCOffset xsi:nil="true"></UTCOffset>
          <UTCConversionTimeZoneCode xsi:nil="true"></UTCConversionTimeZoneCode>
        </Address>
      </Addresses>
    </Publisher>
    <RootComponents>
      <RootComponent type="1" schemaName="cat_securityroleriskassessment" behavior="0" />
      <RootComponent type="1" schemaName="role" behavior="1" />
      <RootComponent type="9" schemaName="cat_risklevel" behavior="0" />
      <RootComponent type="29" id="{01cae615-5c13-ed11-b83d-0022481f750a}" behavior="0" />
      <RootComponent type="29" id="{1d06b258-5613-ed11-b83d-0022481f750a}" behavior="0" />
      <RootComponent type="29" id="{832121b2-720d-ed11-82e5-00224827bf73}" behavior="0" />
      <RootComponent type="29" id="{e0e784db-ca0e-ed11-82e5-00224827b530}" behavior="0" />
      <RootComponent type="61" schemaName="cat_FieldLevelSecurity" behavior="0" />
      <RootComponent type="61" schemaName="cat_RiskAssessmentSummary" behavior="0" />
      <RootComponent type="61" schemaName="cat_RolesGridView" behavior="0" />
      <RootComponent type="61" schemaName="cat_SecurityPrivilege" behavior="0" />
      <RootComponent type="61" schemaName="cat_SecurityRoleManagement" behavior="0" />
      <RootComponent type="61" schemaName="cat_SecurityRoleSummary" behavior="0" />
      <RootComponent type="61" schemaName="cat_TeamSecurity" behavior="0" />
      <RootComponent type="61" schemaName="cat_UserSecurity" behavior="0" />
      <RootComponent type="62" schemaName="cat_SecurityRolesriskassessment" behavior="0" />
      <RootComponent type="80" schemaName="cat_SecurityRolesriskassessment" behavior="0" />
      <RootComponent type="300" schemaName="cat_fieldsecuritymanagement_151cd" behavior="0" />
      <RootComponent type="300" schemaName="cat_secrolecardpage_05ad1" behavior="0" />
      <RootComponent type="300" schemaName="cat_secrolemanagement_f0e71" behavior="0" />
      <RootComponent type="300" schemaName="cat_securityrolemanagement_a7455" behavior="0" />
      <RootComponent type="300" schemaName="cat_securityroleprivilegesmanagement_c2918" behavior="0" />
      <RootComponent type="300" schemaName="cat_teamsmanagement_f27ed" behavior="0" />
      <RootComponent type="300" schemaName="cat_userprofile_1101e" behavior="0" />
    </RootComponents>
    <MissingDependencies>
      <MissingDependency>
        <Required type="1" schemaName="applicationuser" displayName="ApplicationUser" solution="ApplicationUserSolution (1.0.1.2)" />
        <Dependent type="300" schemaName="cat_secrolemanagement_f0e71" displayName="Security Roles Summary" />
      </MissingDependency>
      <MissingDependency>
        <Required type="66" schemaName="cat_PowerCAT.Elevation" displayName="cat_PowerCAT.Elevation" solution="CreatorKitCore (1.0.20230421.1)">
          <package>DataverseAccelerator_Anchor (1.0.1.000)</package>
        </Required>
        <Dependent type="300" schemaName="cat_secrolecardpage_05ad1" displayName="Risk Assessment Summary" />
      </MissingDependency>
      <MissingDependency>
        <Required type="66" schemaName="cat_PowerCAT.Elevation" displayName="cat_PowerCAT.Elevation" solution="CreatorKitCore (1.0.20230421.1)">
          <package>DataverseAccelerator_Anchor (1.0.1.000)</package>
        </Required>
        <Dependent type="300" schemaName="cat_secrolemanagement_f0e71" displayName="Security Roles Summary" />
      </MissingDependency>
      <MissingDependency>
        <Required type="66" schemaName="cat_PowerCAT.Icon" displayName="cat_PowerCAT.Icon" solution="CreatorKitCore (1.0.20230421.1)">
          <package>DataverseAccelerator_Anchor (1.0.1.000)</package>
        </Required>
        <Dependent type="300" schemaName="cat_secrolecardpage_05ad1" displayName="Risk Assessment Summary" />
      </MissingDependency>
      <MissingDependency>
        <Required type="66" schemaName="cat_PowerCAT.Icon" displayName="cat_PowerCAT.Icon" solution="CreatorKitCore (1.0.20230421.1)">
          <package>DataverseAccelerator_Anchor (1.0.1.000)</package>
        </Required>
        <Dependent type="300" schemaName="cat_secrolemanagement_f0e71" displayName="Security Roles Summary" />
      </MissingDependency>
      <MissingDependency>
        <Required type="66" schemaName="Microsoft.PowerApps.PowerAppsOneGrid" displayName="Microsoft.PowerApps.PowerAppsOneGrid" solution="BaseCustomControlsCore (9.0.2309.4021)" />
        <Dependent type="68" id="{2dbc249e-d712-4c17-a056-7c28e050330b}" />
      </MissingDependency>
      <MissingDependency>
        <Required type="66" schemaName="MscrmControls.FieldControls.ToggleControl" displayName="MscrmControls.FieldControls.ToggleControl" solution="BaseCustomControlsCore (9.0.2309.4021)" />
        <Dependent type="60" displayName="Information" parentDisplayName="Security Role risk assessment" id="{a939fdaf-ff84-4a6c-9d1e-faff7d23021e}" />
      </MissingDependency>
      <MissingDependency>
        <Required type="SettingDefinition" displayName="AllowNotificationsEarlyAccess" solution="AppNotifications (10.0.0.14)" id.uniquename="AllowNotificationsEarlyAccess" />
        <Dependent type="AppSetting" displayName="parentappmoduleid.uniquename=cat_SecurityRolesriskassessment,settingdefinitionid.uniquename=AllowNotificationsEarlyAccess" id.parentappmoduleid.uniquename="cat_SecurityRolesriskassessment" id.settingdefinitionid.uniquename="AllowNotificationsEarlyAccess" />
      </MissingDependency>
      <MissingDependency>
        <Required type="SettingDefinition" displayName="AsyncOnLoad" solution="SettingDefinitionsData (9.1.23101.230928001)" id.uniquename="AsyncOnLoad" />
        <Dependent type="AppSetting" displayName="parentappmoduleid.uniquename=cat_SecurityRolesriskassessment,settingdefinitionid.uniquename=AsyncOnLoad" id.parentappmoduleid.uniquename="cat_SecurityRolesriskassessment" id.settingdefinitionid.uniquename="AsyncOnLoad" />
      </MissingDependency>
      <MissingDependency>
        <Required type="SettingDefinition" displayName="AsyncOnSave" solution="SettingDefinitionsData (9.1.23101.230928001)" id.uniquename="AsyncOnSave" />
        <Dependent type="AppSetting" displayName="parentappmoduleid.uniquename=cat_SecurityRolesriskassessment,settingdefinitionid.uniquename=AsyncOnSave" id.parentappmoduleid.uniquename="cat_SecurityRolesriskassessment" id.settingdefinitionid.uniquename="AsyncOnSave" />
      </MissingDependency>
      <MissingDependency>
        <Required type="SettingDefinition" displayName="FluentThemingPreview" solution="msdyn_PowerAppsThemingSettings (1.0.0.10)" id.uniquename="FluentThemingPreview" />
        <Dependent type="AppSetting" displayName="parentappmoduleid.uniquename=cat_SecurityRolesriskassessment,settingdefinitionid.uniquename=FluentThemingPreview" id.parentappmoduleid.uniquename="cat_SecurityRolesriskassessment" id.settingdefinitionid.uniquename="FluentThemingPreview" />
      </MissingDependency>
    </MissingDependencies>
  </SolutionManifest>
</ImportExportXml>